{
  "Total" : {
    "transaction" : "Total",
    "sampleCount" : 285,
    "errorCount" : 270,
    "errorPct" : 94.73684,
    "meanResTime" : 161.3438596491227,
    "medianResTime" : 89.0,
    "minResTime" : 27.0,
    "maxResTime" : 1107.0,
    "pct1ResTime" : 398.0,
    "pct2ResTime" : 1035.7999999999997,
    "pct3ResTime" : 1068.56,
    "throughput" : 27.618955325128404,
    "receivedKBytesPerSec" : 334.6466469619149,
    "sentKBytesPerSec" : 3.825713641098943
  },
  "GET /users" : {
    "transaction" : "GET /users",
    "sampleCount" : 250,
    "errorCount" : 250,
    "errorPct" : 100.0,
    "meanResTime" : 105.45200000000004,
    "medianResTime" : 85.0,
    "minResTime" : 27.0,
    "maxResTime" : 407.0,
    "pct1ResTime" : 150.9,
    "pct2ResTime" : 397.45,
    "pct3ResTime" : 402.49,
    "throughput" : 24.227153793972285,
    "receivedKBytesPerSec" : 162.49502207699388,
    "sentKBytesPerSec" : 3.194009533385018
  },
  "Get usuario Inexistente - 404" : {
    "transaction" : "Get usuario Inexistente - 404",
    "sampleCount" : 10,
    "errorCount" : 10,
    "errorPct" : 100.0,
    "meanResTime" : 278.0,
    "medianResTime" : 394.5,
    "minResTime" : 87.0,
    "maxResTime" : 416.0,
    "pct1ResTime" : 415.5,
    "pct2ResTime" : 416.0,
    "pct3ResTime" : 416.0,
    "throughput" : 2.0605810838656504,
    "receivedKBytesPerSec" : 2.421987688028024,
    "sentKBytesPerSec" : 0.29178150113331963
  },
  "POST Login credenciales invalidas" : {
    "transaction" : "POST Login credenciales invalidas",
    "sampleCount" : 10,
    "errorCount" : 0,
    "errorPct" : 0.0,
    "meanResTime" : 1058.9,
    "medianResTime" : 1058.0,
    "minResTime" : 1026.0,
    "maxResTime" : 1107.0,
    "pct1ResTime" : 1103.5,
    "pct2ResTime" : 1107.0,
    "pct3ResTime" : 1107.0,
    "throughput" : 1.8204988166757692,
    "receivedKBytesPerSec" : 212.74768739759693,
    "sentKBytesPerSec" : 0.4391242262880029
  },
  "POST Login - ${username}" : {
    "transaction" : "POST Login - ${username}",
    "sampleCount" : 5,
    "errorCount" : 0,
    "errorPct" : 0.0,
    "meanResTime" : 1059.8,
    "medianResTime" : 1058.0,
    "minResTime" : 1053.0,
    "maxResTime" : 1068.0,
    "pct1ResTime" : 1068.0,
    "pct2ResTime" : 1068.0,
    "pct3ResTime" : 1068.0,
    "throughput" : 1.0006003602161297,
    "receivedKBytesPerSec" : 116.9324641659996,
    "sentKBytesPerSec" : 0.2452643461076646
  },
  "GET endpoint Inexistente -404" : {
    "transaction" : "GET endpoint Inexistente -404",
    "sampleCount" : 10,
    "errorCount" : 10,
    "errorPct" : 100.0,
    "meanResTime" : 95.19999999999999,
    "medianResTime" : 133.5,
    "minResTime" : 28.0,
    "maxResTime" : 156.0,
    "pct1ResTime" : 154.10000000000002,
    "pct2ResTime" : 156.0,
    "pct3ResTime" : 156.0,
    "throughput" : 2.1949078138718177,
    "receivedKBytesPerSec" : 2.577730602502195,
    "sentKBytesPerSec" : 0.32151969929762947
  }
}