{
  "Total" : {
    "transaction" : "Total",
    "sampleCount" : 250,
    "errorCount" : 0,
    "errorPct" : 0.0,
    "meanResTime" : 187.6799999999999,
    "medianResTime" : 134.0,
    "minResTime" : 131.0,
    "maxResTime" : 676.0,
    "pct1ResTime" : 391.0,
    "pct2ResTime" : 395.0,
    "pct3ResTime" : 467.84000000000106,
    "throughput" : 23.430178069353328,
    "receivedKBytesPerSec" : 157.21567112816308,
    "sentKBytesPerSec" : 3.088939491565136
  },
  "GET /users" : {
    "transaction" : "GET /users",
    "sampleCount" : 250,
    "errorCount" : 0,
    "errorPct" : 0.0,
    "meanResTime" : 187.6799999999999,
    "medianResTime" : 134.0,
    "minResTime" : 131.0,
    "maxResTime" : 676.0,
    "pct1ResTime" : 391.0,
    "pct2ResTime" : 395.0,
    "pct3ResTime" : 467.84000000000106,
    "throughput" : 23.430178069353328,
    "receivedKBytesPerSec" : 157.21567112816308,
    "sentKBytesPerSec" : 3.088939491565136
  }
}