{
  "Total" : {
    "transaction" : "Total",
    "sampleCount" : 285,
    "errorCount" : 270,
    "errorPct" : 94.73684,
    "meanResTime" : 160.73333333333332,
    "medianResTime" : 89.0,
    "minResTime" : 27.0,
    "maxResTime" : 1068.0,
    "pct1ResTime" : 395.0,
    "pct2ResTime" : 1020.8,
    "pct3ResTime" : 1052.84,
    "throughput" : 27.098982599600646,
    "receivedKBytesPerSec" : 328.349060598317,
    "sentKBytesPerSec" : 3.75368822501664
  },
  "Get usuario Inexistente - 404" : {
    "transaction" : "Get usuario Inexistente - 404",
    "sampleCount" : 10,
    "errorCount" : 10,
    "errorPct" : 100.0,
    "meanResTime" : 256.90000000000003,
    "medianResTime" : 304.5,
    "minResTime" : 86.0,
    "maxResTime" : 418.0,
    "pct1ResTime" : 415.9,
    "pct2ResTime" : 418.0,
    "pct3ResTime" : 418.0,
    "throughput" : 2.066969822240595,
    "receivedKBytesPerSec" : 2.4284876886109963,
    "sentKBytesPerSec" : 0.29268615646961554
  },
  "GET /users" : {
    "transaction" : "GET /users",
    "sampleCount" : 250,
    "errorCount" : 250,
    "errorPct" : 100.0,
    "meanResTime" : 107.37999999999997,
    "medianResTime" : 85.0,
    "minResTime" : 27.0,
    "maxResTime" : 417.0,
    "pct1ResTime" : 153.8,
    "pct2ResTime" : 394.0,
    "pct3ResTime" : 401.94000000000005,
    "throughput" : 23.771037368070743,
    "receivedKBytesPerSec" : 159.43847609822194,
    "sentKBytesPerSec" : 3.133876996767139
  },
  "POST Login credenciales invalidas" : {
    "transaction" : "POST Login credenciales invalidas",
    "sampleCount" : 10,
    "errorCount" : 0,
    "errorPct" : 0.0,
    "meanResTime" : 1037.9,
    "medianResTime" : 1037.0,
    "minResTime" : 1018.0,
    "maxResTime" : 1058.0,
    "pct1ResTime" : 1057.4,
    "pct2ResTime" : 1058.0,
    "pct3ResTime" : 1058.0,
    "throughput" : 1.7708517797060386,
    "receivedKBytesPerSec" : 206.9458202364087,
    "sentKBytesPerSec" : 0.42714881795643705
  },
  "POST Login - ${username}" : {
    "transaction" : "POST Login - ${username}",
    "sampleCount" : 5,
    "errorCount" : 0,
    "errorPct" : 0.0,
    "meanResTime" : 1038.6,
    "medianResTime" : 1036.0,
    "minResTime" : 1022.0,
    "maxResTime" : 1068.0,
    "pct1ResTime" : 1068.0,
    "pct2ResTime" : 1068.0,
    "pct3ResTime" : 1068.0,
    "throughput" : 1.006036217303823,
    "receivedKBytesPerSec" : 117.56771095321932,
    "sentKBytesPerSec" : 0.24659676810865191
  },
  "GET endpoint Inexistente -404" : {
    "transaction" : "GET endpoint Inexistente -404",
    "sampleCount" : 10,
    "errorCount" : 10,
    "errorPct" : 100.0,
    "meanResTime" : 82.30000000000001,
    "medianResTime" : 81.5,
    "minResTime" : 28.0,
    "maxResTime" : 141.0,
    "pct1ResTime" : 140.3,
    "pct2ResTime" : 141.0,
    "pct3ResTime" : 141.0,
    "throughput" : 2.1150592216582065,
    "receivedKBytesPerSec" : 2.4849880366962775,
    "sentKBytesPerSec" : 0.30982312817258884
  }
}