{
  "Get /users - Ramp Up" : {
    "transaction" : "Get /users - Ramp Up",
    "sampleCount" : 9288,
    "errorCount" : 0,
    "errorPct" : 0.0,
    "meanResTime" : 403.38522825150557,
    "medianResTime" : 392.0,
    "minResTime" : 381.0,
    "maxResTime" : 7440.0,
    "pct1ResTime" : 401.0,
    "pct2ResTime" : 406.0,
    "pct3ResTime" : 428.0,
    "throughput" : 77.86263381592295,
    "receivedKBytesPerSec" : 522.4627876858962,
    "sentKBytesPerSec" : 10.265093325341404
  },
  "Total" : {
    "transaction" : "Total",
    "sampleCount" : 9573,
    "errorCount" : 270,
    "errorPct" : 2.8204324,
    "meanResTime" : 398.6352240676903,
    "medianResTime" : 392.0,
    "minResTime" : 132.0,
    "maxResTime" : 7440.0,
    "pct1ResTime" : 401.0,
    "pct2ResTime" : 406.0,
    "pct3ResTime" : 438.0,
    "throughput" : 80.2518296209981,
    "receivedKBytesPerSec" : 551.4189419477814,
    "sentKBytesPerSec" : 10.59603918752672
  },
  "GET /users" : {
    "transaction" : "GET /users",
    "sampleCount" : 250,
    "errorCount" : 250,
    "errorPct" : 100.0,
    "meanResTime" : 191.39200000000002,
    "medianResTime" : 139.0,
    "minResTime" : 132.0,
    "maxResTime" : 646.0,
    "pct1ResTime" : 395.0,
    "pct2ResTime" : 399.0,
    "pct3ResTime" : 450.77000000000066,
    "throughput" : 23.353573096683792,
    "receivedKBytesPerSec" : 156.70375262727697,
    "sentKBytesPerSec" : 3.0788402031760858
  },
  "Get usuario Inexistente - 404" : {
    "transaction" : "Get usuario Inexistente - 404",
    "sampleCount" : 10,
    "errorCount" : 10,
    "errorPct" : 100.0,
    "meanResTime" : 427.5,
    "medianResTime" : 402.5,
    "minResTime" : 390.0,
    "maxResTime" : 667.0,
    "pct1ResTime" : 641.2,
    "pct2ResTime" : 667.0,
    "pct3ResTime" : 667.0,
    "throughput" : 2.083767451552407,
    "receivedKBytesPerSec" : 2.4602293446551364,
    "sentKBytesPerSec" : 0.2950647270264638
  },
  "POST Login credenciales invalidas" : {
    "transaction" : "POST Login credenciales invalidas",
    "sampleCount" : 10,
    "errorCount" : 0,
    "errorPct" : 0.0,
    "meanResTime" : 1045.3,
    "medianResTime" : 1045.0,
    "minResTime" : 1029.0,
    "maxResTime" : 1064.0,
    "pct1ResTime" : 1063.1,
    "pct2ResTime" : 1064.0,
    "pct3ResTime" : 1064.0,
    "throughput" : 1.9319938176197837,
    "receivedKBytesPerSec" : 225.77725016904947,
    "sentKBytesPerSec" : 0.46601803999227204
  },
  "POST Login - ${username}" : {
    "transaction" : "POST Login - ${username}",
    "sampleCount" : 5,
    "errorCount" : 0,
    "errorPct" : 0.0,
    "meanResTime" : 1106.6,
    "medianResTime" : 1045.0,
    "minResTime" : 1034.0,
    "maxResTime" : 1323.0,
    "pct1ResTime" : 1323.0,
    "pct2ResTime" : 1323.0,
    "pct3ResTime" : 1323.0,
    "throughput" : 1.0096930533117932,
    "receivedKBytesPerSec" : 117.99505723697496,
    "sentKBytesPerSec" : 0.24749312146607433
  },
  "GET endpoint Inexistente -404" : {
    "transaction" : "GET endpoint Inexistente -404",
    "sampleCount" : 10,
    "errorCount" : 10,
    "errorPct" : 100.0,
    "meanResTime" : 138.39999999999998,
    "medianResTime" : 136.0,
    "minResTime" : 132.0,
    "maxResTime" : 152.0,
    "pct1ResTime" : 151.7,
    "pct2ResTime" : 152.0,
    "pct3ResTime" : 152.0,
    "throughput" : 2.353494939985879,
    "receivedKBytesPerSec" : 2.786041568604378,
    "sentKBytesPerSec" : 0.344750235349494
  }
}