{
  "Total" : {
    "transaction" : "Total",
    "sampleCount" : 255,
    "errorCount" : 0,
    "errorPct" : 0.0,
    "meanResTime" : 146.13725490196072,
    "medianResTime" : 135.0,
    "minResTime" : 28.0,
    "maxResTime" : 1142.0,
    "pct1ResTime" : 390.4,
    "pct2ResTime" : 397.79999999999995,
    "pct3ResTime" : 1065.4,
    "throughput" : 23.829548640313988,
    "receivedKBytesPerSec" : 211.30691640968132,
    "sentKBytesPerSec" : 3.194521101999813
  },
  "GET /users" : {
    "transaction" : "GET /users",
    "sampleCount" : 250,
    "errorCount" : 0,
    "errorPct" : 0.0,
    "meanResTime" : 127.65600000000002,
    "medianResTime" : 135.0,
    "minResTime" : 28.0,
    "maxResTime" : 413.0,
    "pct1ResTime" : 388.9,
    "pct2ResTime" : 394.0,
    "pct3ResTime" : 408.49,
    "throughput" : 23.362302588543127,
    "receivedKBytesPerSec" : 156.7034659436034,
    "sentKBytesPerSec" : 3.07999106391926
  },
  "POST Login - ${username}" : {
    "transaction" : "POST Login - ${username}",
    "sampleCount" : 5,
    "errorCount" : 0,
    "errorPct" : 0.0,
    "meanResTime" : 1070.2,
    "medianResTime" : 1061.0,
    "minResTime" : 1031.0,
    "maxResTime" : 1142.0,
    "pct1ResTime" : 1142.0,
    "pct2ResTime" : 1142.0,
    "pct3ResTime" : 1142.0,
    "throughput" : 1.006036217303823,
    "receivedKBytesPerSec" : 117.56771095321932,
    "sentKBytesPerSec" : 0.24659676810865191
  }
}