{
  "Get /users - Ramp Up" : {
    "transaction" : "Get /users - Ramp Up",
    "sampleCount" : 12873,
    "errorCount" : 0,
    "errorPct" : 0.0,
    "meanResTime" : 290.84673347315993,
    "medianResTime" : 389.0,
    "minResTime" : 76.0,
    "maxResTime" : 1422.0,
    "pct1ResTime" : 399.0,
    "pct2ResTime" : 406.0,
    "pct3ResTime" : 441.2600000000002,
    "throughput" : 107.90172921049763,
    "receivedKBytesPerSec" : 723.8442292812209,
    "sentKBytesPerSec" : 14.225325628337092
  },
  "Total" : {
    "transaction" : "Total",
    "sampleCount" : 13158,
    "errorCount" : 270,
    "errorPct" : 2.0519836,
    "meanResTime" : 288.32216142270903,
    "medianResTime" : 389.0,
    "minResTime" : 27.0,
    "maxResTime" : 1422.0,
    "pct1ResTime" : 399.0,
    "pct2ResTime" : 406.0,
    "pct3ResTime" : 444.0,
    "throughput" : 110.29060459502276,
    "receivedKBytesPerSec" : 752.790418291556,
    "sentKBytesPerSec" : 14.5562271066109
  },
  "GET /users" : {
    "transaction" : "GET /users",
    "sampleCount" : 250,
    "errorCount" : 250,
    "errorPct" : 100.0,
    "meanResTime" : 122.38000000000007,
    "medianResTime" : 134.0,
    "minResTime" : 27.0,
    "maxResTime" : 511.0,
    "pct1ResTime" : 387.9,
    "pct2ResTime" : 394.0,
    "pct3ResTime" : 422.0700000000004,
    "throughput" : 23.829949480507103,
    "receivedKBytesPerSec" : 159.84497128491088,
    "sentKBytesPerSec" : 3.141643730340292
  },
  "Get usuario Inexistente - 404" : {
    "transaction" : "Get usuario Inexistente - 404",
    "sampleCount" : 10,
    "errorCount" : 10,
    "errorPct" : 100.0,
    "meanResTime" : 253.1,
    "medianResTime" : 241.0,
    "minResTime" : 80.0,
    "maxResTime" : 520.0,
    "pct1ResTime" : 508.50000000000006,
    "pct2ResTime" : 520.0,
    "pct3ResTime" : 520.0,
    "throughput" : 2.215330084182543,
    "receivedKBytesPerSec" : 2.6032291897430215,
    "sentKBytesPerSec" : 0.3136942013735046
  },
  "POST Login credenciales invalidas" : {
    "transaction" : "POST Login credenciales invalidas",
    "sampleCount" : 10,
    "errorCount" : 0,
    "errorPct" : 0.0,
    "meanResTime" : 1040.1000000000001,
    "medianResTime" : 1038.0,
    "minResTime" : 1019.0,
    "maxResTime" : 1059.0,
    "pct1ResTime" : 1058.7,
    "pct2ResTime" : 1059.0,
    "pct3ResTime" : 1059.0,
    "throughput" : 1.9837333862328903,
    "receivedKBytesPerSec" : 231.82365540071413,
    "sentKBytesPerSec" : 0.478498189843285
  },
  "POST Login - ${username}" : {
    "transaction" : "POST Login - ${username}",
    "sampleCount" : 5,
    "errorCount" : 0,
    "errorPct" : 0.0,
    "meanResTime" : 1065.8,
    "medianResTime" : 1056.0,
    "minResTime" : 1024.0,
    "maxResTime" : 1152.0,
    "pct1ResTime" : 1152.0,
    "pct2ResTime" : 1152.0,
    "pct3ResTime" : 1152.0,
    "throughput" : 1.0002000400080016,
    "receivedKBytesPerSec" : 116.88568182386479,
    "sentKBytesPerSec" : 0.24516622074414884
  },
  "GET endpoint Inexistente -404" : {
    "transaction" : "GET endpoint Inexistente -404",
    "sampleCount" : 10,
    "errorCount" : 10,
    "errorPct" : 100.0,
    "meanResTime" : 81.7,
    "medianResTime" : 82.0,
    "minResTime" : 28.0,
    "maxResTime" : 136.0,
    "pct1ResTime" : 136.0,
    "pct2ResTime" : 136.0,
    "pct3ResTime" : 136.0,
    "throughput" : 2.4906600249066004,
    "receivedKBytesPerSec" : 2.926039072229141,
    "sentKBytesPerSec" : 0.3648427770859278
  }
}