{
  "Total" : {
    "transaction" : "Total",
    "sampleCount" : 285,
    "errorCount" : 20,
    "errorPct" : 7.017544,
    "meanResTime" : 182.37192982456128,
    "medianResTime" : 135.0,
    "minResTime" : 27.0,
    "maxResTime" : 1110.0,
    "pct1ResTime" : 397.0,
    "pct2ResTime" : 1031.8,
    "pct3ResTime" : 1079.3799999999997,
    "throughput" : 26.628048210782026,
    "receivedKBytesPerSec" : 322.65732665490987,
    "sentKBytesPerSec" : 3.688455485611511
  },
  "GET /users" : {
    "transaction" : "GET /users",
    "sampleCount" : 250,
    "errorCount" : 0,
    "errorPct" : 0.0,
    "meanResTime" : 129.8320000000001,
    "medianResTime" : 135.0,
    "minResTime" : 27.0,
    "maxResTime" : 406.0,
    "pct1ResTime" : 391.0,
    "pct2ResTime" : 395.45,
    "pct3ResTime" : 404.49,
    "throughput" : 23.357937027001775,
    "receivedKBytesPerSec" : 156.68586275460152,
    "sentKBytesPerSec" : 3.079415526020742
  },
  "Get usuario Inexistente - 404" : {
    "transaction" : "Get usuario Inexistente - 404",
    "sampleCount" : 10,
    "errorCount" : 10,
    "errorPct" : 100.0,
    "meanResTime" : 273.9,
    "medianResTime" : 392.5,
    "minResTime" : 85.0,
    "maxResTime" : 412.0,
    "pct1ResTime" : 410.8,
    "pct2ResTime" : 412.0,
    "pct3ResTime" : 412.0,
    "throughput" : 2.070393374741201,
    "receivedKBytesPerSec" : 2.429275038819876,
    "sentKBytesPerSec" : 0.29317093685300205
  },
  "POST Login credenciales invalidas" : {
    "transaction" : "POST Login credenciales invalidas",
    "sampleCount" : 10,
    "errorCount" : 0,
    "errorPct" : 0.0,
    "meanResTime" : 1058.3,
    "medianResTime" : 1052.0,
    "minResTime" : 1033.0,
    "maxResTime" : 1110.0,
    "pct1ResTime" : 1106.4,
    "pct2ResTime" : 1110.0,
    "pct3ResTime" : 1110.0,
    "throughput" : 1.8284878405558602,
    "receivedKBytesPerSec" : 213.68130314042784,
    "sentKBytesPerSec" : 0.4410512662278296
  },
  "POST Login - ${username}" : {
    "transaction" : "POST Login - ${username}",
    "sampleCount" : 5,
    "errorCount" : 0,
    "errorPct" : 0.0,
    "meanResTime" : 1055.8,
    "medianResTime" : 1046.0,
    "minResTime" : 1029.0,
    "maxResTime" : 1094.0,
    "pct1ResTime" : 1094.0,
    "pct2ResTime" : 1094.0,
    "pct3ResTime" : 1094.0,
    "throughput" : 1.0024057738572574,
    "receivedKBytesPerSec" : 117.14344896501603,
    "sentKBytesPerSec" : 0.24570688402165194
  },
  "GET endpoint Inexistente -404" : {
    "transaction" : "GET endpoint Inexistente -404",
    "sampleCount" : 10,
    "errorCount" : 10,
    "errorPct" : 100.0,
    "meanResTime" : 91.7,
    "medianResTime" : 131.0,
    "minResTime" : 29.0,
    "maxResTime" : 136.0,
    "pct1ResTime" : 135.9,
    "pct2ResTime" : 136.0,
    "pct3ResTime" : 136.0,
    "throughput" : 2.2089684117517123,
    "receivedKBytesPerSec" : 2.589929174950298,
    "sentKBytesPerSec" : 0.32357935719019215
  }
}